Timestamp,Class
2023-05-30 18:27:38,person
2023-05-30 18:27:38,person
2023-05-30 18:27:38,person
2023-05-30 18:27:38,person
2023-05-30 18:27:38,person
2023-05-30 18:27:38,person
2023-05-30 18:27:38,person
2023-05-30 18:27:39,person
2023-05-30 18:27:39,person
2023-05-30 18:27:43,person
2023-05-30 18:27:43,person
2023-05-30 18:27:43,person
2023-05-30 18:27:43,person
2023-05-30 18:27:43,person
2023-05-30 18:27:43,person
2023-05-30 18:27:44,person
2023-05-30 18:27:44,person
2023-05-30 18:27:44,person
2023-05-30 18:27:44,person
2023-05-30 18:27:44,person
2023-05-30 18:27:44,person
2023-05-30 18:27:45,person
2023-05-30 18:27:45,person
2023-05-30 18:27:45,person
2023-05-30 18:27:45,person
2023-05-30 18:27:45,person
2023-05-30 18:27:46,person
2023-05-30 18:27:46,person
2023-05-30 18:27:46,person
2023-05-30 18:27:46,person
2023-05-30 18:27:46,person
2023-05-30 18:27:48,person
2023-05-30 18:27:49,person
2023-05-30 18:27:49,person
2023-05-30 18:27:49,person
2023-05-30 18:27:49,person
2023-05-30 18:27:49,person
2023-05-30 18:27:49,person
2023-05-30 18:27:49,person
2023-05-30 18:27:50,person
2023-05-30 18:27:50,person
2023-05-30 18:27:50,person
2023-05-30 18:27:50,person
2023-05-30 18:27:50,person
2023-05-30 18:27:52,person
2023-05-30 18:27:53,person
2023-05-30 18:27:53,person
2023-05-30 18:27:53,person
2023-05-30 18:27:53,person
2023-05-30 18:27:53,person
2023-05-30 18:27:53,person
2023-05-30 18:27:53,person
2023-05-30 18:27:54,person
2023-05-30 18:27:54,person
2023-05-30 18:27:54,person
2023-05-30 18:27:54,person
2023-05-30 18:27:54,person
2023-05-30 18:27:55,person
2023-05-30 18:27:58,person
2023-05-30 18:27:58,person
2023-05-30 18:27:59,person
2023-05-30 18:27:59,person
2023-05-30 18:27:59,person
2023-05-30 18:27:59,person
2023-05-30 18:27:59,person
2023-05-30 18:27:59,person
2023-05-30 18:27:59,person
2023-05-30 18:27:59,person
2023-05-30 18:28:00,person
2023-05-30 18:28:00,person
2023-05-30 18:28:01,person
2023-05-30 18:28:01,person
2023-05-30 18:28:02,person
2023-05-30 18:28:02,person
2023-05-30 18:28:02,person
2023-05-30 18:28:03,person
2023-05-30 18:28:03,person
2023-05-30 18:28:03,person
2023-05-30 18:28:03,person
2023-05-30 18:28:03,person
2023-05-30 18:28:04,person
2023-05-30 18:28:04,person
2023-05-30 18:28:04,person
2023-05-30 18:28:04,person
2023-05-30 18:28:05,person
2023-05-30 18:28:05,person
2023-05-30 18:28:05,person
2023-05-30 18:28:05,person
2023-05-30 18:28:05,person
2023-05-30 18:28:06,person
2023-05-30 18:28:06,person
2023-05-30 18:28:07,person
2023-05-30 18:28:07,person
2023-05-30 18:28:07,person
2023-05-30 18:28:08,person
2023-05-30 18:28:08,person
2023-05-30 18:28:08,person
2023-05-30 18:28:08,person
2023-05-30 18:28:08,person
2023-05-30 18:28:08,person
2023-05-30 18:28:09,person
2023-05-30 18:28:09,person
2023-05-30 18:28:09,person
2023-05-30 18:28:09,person
2023-05-30 18:28:09,person
2023-05-30 18:28:10,person
2023-05-30 18:28:10,person
2023-05-30 18:28:10,person
2023-05-30 18:28:11,person
2023-05-30 18:28:12,person
2023-05-30 18:28:12,person
2023-05-30 18:28:12,person
2023-05-30 18:28:13,person
2023-05-30 18:28:13,person
2023-05-30 18:28:14,person
2023-05-30 18:28:14,person
2023-05-30 18:28:14,person
2023-05-30 18:28:14,person
2023-05-30 18:28:14,person
2023-05-30 18:28:15,person
2023-05-30 18:28:15,person
2023-05-30 18:28:15,person
2023-05-30 18:28:15,person
2023-05-30 18:28:15,person
2023-05-30 18:28:15,person
2023-05-30 18:28:15,person
2023-05-30 18:28:15,person
2023-05-30 18:28:16,person
2023-05-30 18:28:26,person
2023-05-30 18:28:26,person
